,City,Country,Date,Temperature,Humidity,Clouds,Wind_Speed,Latitude,Longitude
0,Aberdeen,US,2018-12-21 07:53:00,24.079999999999984,95,90,2.6,45.47,-98.49
1,Abu Dhabi,AE,2018-12-21 08:00:00,75.19999999999999,53,20,4.1,24.47,54.37
2,Adamantina,BR,2018-12-21 08:00:00,93.19999999999999,36,0,2.1,-21.69,-51.08
3,Adiake,CI,2018-12-21 08:00:00,87.80000000000001,70,40,5.1,5.29,-3.3
4,Adrar,DZ,2018-12-21 08:00:00,69.80000000000001,30,0,8.7,27.87,-0.29
5,Adre,TD,2018-12-21 08:52:38,81.83660000000003,18,20,3.41,13.47,22.2
6,Agadir,MA,2018-12-21 08:30:00,73.39999999999992,35,0,1.5,30.42,-9.58
7,Aguimes,ES,2018-12-21 08:30:00,71.59999999999997,68,20,5.1,27.91,-15.45
8,Ahipara,NZ,2018-12-21 08:52:39,60.14659999999998,100,92,3.01,-35.17,173.16
9,Airai,TL,2018-12-21 08:52:39,73.10660000000001,84,32,0.56,-8.93,125.41
10,Akdepe,TM,2018-12-21 08:30:00,26.599999999999966,85,90,6.2,42.05,59.39
11,Aklavik,CA,2018-12-21 08:00:00,-11.199999999999989,76,90,1.5,68.22,-135.01
12,Aksha,RU,2018-12-21 08:52:40,7.271599999999978,49,68,7.61,50.28,113.29
13,Aksu,KZ,2018-12-21 08:30:00,-7.600000000000023,83,0,4.0,52.04,76.93
14,Albany,US,2018-12-21 08:29:00,55.04000000000002,89,90,1.5,42.65,-73.75
15,Altamira,BR,2018-12-21 08:52:42,78.19160000000005,95,88,1.41,-3.2,-52.21
16,Alyangula,AU,2018-12-21 08:00:00,85.99999999999994,74,32,2.6,-13.85,136.42
17,Am Timan,TD,2018-12-21 08:52:42,89.17159999999996,14,32,3.51,11.04,20.28
18,Ambanja,MG,2018-12-21 08:00:00,85.99999999999994,70,75,4.1,-13.68,48.45
19,Amga,RU,2018-12-21 08:52:43,-17.478400000000022,75,56,1.21,60.89,131.98
20,Ancud,CL,2018-12-21 08:00:00,55.39999999999992,82,90,5.1,-41.87,-73.83
21,Andros Town,BS,2018-12-21 08:00:00,73.39999999999992,88,75,6.2,24.73,-77.79
22,Anloga,GH,2018-12-21 08:00:00,91.39999999999992,55,20,4.1,5.79,0.9
23,Antofagasta,CL,2018-12-21 08:00:00,66.19999999999999,63,40,2.1,-23.65,-70.4
24,Ariquemes,BR,2018-12-21 08:52:44,87.68659999999994,69,0,1.36,-9.91,-63.03
25,Arlit,NE,2018-12-21 08:52:44,72.1166,62,24,2.96,18.74,7.39
26,Arouca,PT,2018-12-21 08:00:00,55.39999999999992,93,75,5.1,40.93,-8.24
32,Aswan,EG,2018-12-21 08:00:00,71.59999999999997,30,0,4.6,24.09,32.9
33,Asyut,EG,2018-12-21 08:00:00,67.99999999999994,49,0,5.1,27.18,31.19
34,Atambua,ID,2018-12-21 08:52:45,77.78659999999996,100,44,2.41,-9.11,124.89
35,Atar,MR,2018-12-21 08:52:45,85.70660000000004,13,0,5.51,20.52,-13.05
36,Athabasca,CA,2018-12-21 08:52:45,26.711599999999976,88,92,8.71,54.72,-113.29
37,Atuona,PF,2018-12-21 08:52:45,78.28160000000008,100,88,7.21,-9.8,-139.03
38,Auki,NG,2018-12-21 08:52:46,85.66159999999996,23,24,5.01,12.18,6.51
39,Avarua,CK,2018-12-21 08:00:00,78.80000000000001,88,75,3.6,-21.21,-159.78
40,Avera,US,2018-12-21 08:35:00,57.02000000000004,95,90,4.6,33.19,-82.53
41,Aykhal,RU,2018-12-21 08:52:48,-36.01840000000004,0,12,2.71,65.95,111.51
42,Badarpur,IN,2018-12-21 08:52:48,59.2466,91,0,1.61,24.87,92.56
43,Bambous Virieux,MU,2018-12-21 08:00:00,80.59999999999997,78,75,7.2,-20.34,57.76
44,Banda Aceh,ID,2018-12-21 08:52:49,74.68160000000006,100,12,0.76,5.56,95.32
45,Bandarbeyla,SO,2018-12-21 08:52:49,77.56159999999994,100,0,10.56,9.49,50.81
46,Bandon,IE,2018-12-21 08:00:00,49.99999999999994,87,40,7.2,51.75,-8.74
47,Bani,PH,2018-12-21 08:52:49,76.39159999999998,98,56,2.01,15.89,120.27
48,Barcelos,PT,2018-12-21 08:00:00,55.39999999999992,100,90,7.2,41.53,-8.62
49,Barrow,AR,2018-12-21 08:52:50,67.84160000000003,99,88,4.21,-38.31,-60.23
50,Basco,US,2018-12-21 08:35:00,32.360000000000014,77,90,5.7,40.33,-91.2
51,Baturaja,ID,2018-12-21 08:52:51,72.20660000000004,99,92,0.91,-4.12,104.17
52,Baykit,RU,2018-12-21 08:52:51,-27.198399999999992,40,24,1.51,61.68,96.39
53,Begoro,GH,2018-12-21 08:52:51,89.66660000000007,56,8,2.06,6.38,-0.38
54,Beisfjord,NO,2018-12-21 07:50:00,33.799999999999955,59,75,3.1,68.38,17.6
55,Belaya Gora,RU,2018-12-21 08:52:51,-37.72840000000002,0,0,1.66,68.54,146.19
56,Beloha,MG,2018-12-21 08:52:52,81.43160000000006,61,44,6.71,-25.17,45.06
57,Belyy Yar,RU,2018-12-21 08:30:00,8.599999999999966,50,0,11.0,53.6,91.39
58,Benemerito de las Americas,MX,2018-12-21 08:52:52,73.06159999999994,60,0,1.41,16.52,-90.64
59,Benguela,AO,2018-12-21 08:52:53,78.46160000000003,94,68,3.11,-12.58,13.4
60,Beringovskiy,RU,2018-12-21 08:52:53,-14.508399999999995,100,12,6.56,63.05,179.32
61,Berlevag,NO,2018-12-21 07:50:00,26.599999999999966,79,0,6.2,70.86,29.09
62,Bethel,US,2018-12-21 07:56:00,-11.019999999999982,81,1,4.6,60.79,-161.76
63,Beyneu,KZ,2018-12-21 08:52:54,12.356600000000014,88,0,4.11,45.32,55.19
64,Biak,ID,2018-12-21 08:52:54,78.64159999999998,100,48,1.96,-0.91,122.88
65,Bilibino,RU,2018-12-21 08:52:54,-43.48840000000001,0,12,1.51,68.06,166.44
66,Bilma,NE,2018-12-21 08:52:55,72.52159999999998,33,12,3.76,18.69,12.92
67,Bima,ID,2018-12-21 08:52:55,75.44659999999993,100,64,1.11,-8.45,118.73
68,Bluff,AU,2018-12-21 08:52:55,78.8666,71,0,4.81,-23.58,149.07
69,Boa Vista,BR,2018-12-21 08:00:00,78.80000000000001,78,75,5.7,2.82,-60.67
70,Bosaso,SO,2018-12-21 08:00:00,78.80000000000001,69,0,4.6,11.28,49.18
71,Boshnyakovo,RU,2018-12-21 08:52:57,6.911599999999964,100,0,2.06,49.65,142.17
72,Bowen,AU,2018-12-21 08:00:00,78.80000000000001,94,40,2.1,-20.01,148.25
73,Bozeman,US,2018-12-21 08:15:00,31.999999999999943,55,75,2.1,45.68,-111.04
74,Brae,GB,2018-12-21 08:20:00,44.599999999999966,87,40,7.2,60.4,-1.35
75,Brawley,US,2018-12-21 07:56:00,51.079999999999984,60,1,2.6,32.98,-115.53
76,Bredasdorp,ZA,2018-12-21 08:00:00,78.80000000000001,61,32,5.1,-34.53,20.04
77,Broome,GB,2018-12-21 08:20:00,52.69999999999999,87,75,8.7,52.47,1.45
78,Buala,SB,2018-12-21 08:52:59,80.53160000000008,99,80,1.61,-8.15,159.59
79,Bubaque,GW,2018-12-21 08:52:59,86.7416,82,0,2.91,11.28,-15.83
80,Bugene,TZ,2018-12-21 08:52:59,76.84160000000003,57,32,1.46,-1.59,31.14
81,Bugiri,UG,2018-12-21 08:52:59,79.13659999999999,69,12,1.91,0.57,33.75
82,Bulgan,MN,2018-12-21 08:52:59,-3.3034000000000106,33,0,5.56,48.81,103.53
83,Buraydah,SA,2018-12-21 08:00:00,66.19999999999999,52,40,4.1,26.33,43.97
84,Burley,US,2018-12-21 07:53:00,35.960000000000036,78,90,8.2,42.54,-113.79
85,Burnie,AU,2018-12-21 08:53:00,56.77159999999998,100,0,8.41,-41.05,145.91
86,Busselton,AU,2018-12-21 08:53:00,71.75659999999999,86,0,7.46,-33.64,115.35
87,Butaritari,KI,2018-12-21 08:53:01,80.48660000000001,100,80,1.21,3.07,172.79
88,Cabinda,AO,2018-12-21 08:53:02,79.81159999999994,98,44,4.06,-5.56,12.19
89,Cabo San Lucas,MX,2018-12-21 07:53:00,60.80000000000001,67,5,2.6,22.89,-109.91
90,Cairns,AU,2018-12-21 08:30:00,82.39999999999992,83,8,2.6,-16.92,145.77
91,Calderitas,MX,2018-12-21 07:47:00,62.599999999999966,88,5,2.6,18.55,-88.26
92,Camara de Lobos,PT,2018-12-21 08:00:00,67.99999999999994,77,40,2.6,32.63,-16.97
93,Camargo,MX,2018-12-21 08:53:03,32.066599999999994,53,0,1.41,27.69,-105.17
94,Campos Belos,BR,2018-12-21 08:53:04,91.64659999999998,50,8,2.96,-13.04,-46.77
95,Cape Town,ZA,2018-12-21 08:00:00,78.80000000000001,57,0,7.2,-33.93,18.42
96,Caraquet,CA,2018-12-21 08:00:00,22.999999999999943,92,90,1.0,47.79,-64.94
97,Caravelas,BR,2018-12-21 08:53:05,80.30660000000006,100,0,7.96,-17.73,-39.27
98,Carnarvon,ZA,2018-12-21 08:53:05,89.84659999999991,8,0,6.71,-30.97,22.13
99,Carutapera,BR,2018-12-21 08:53:06,83.9966,81,68,4.11,-1.2,-46.02
100,Castro,CL,2018-12-21 08:00:00,55.39999999999992,82,90,5.1,-42.48,-73.76
101,Caxias,BR,2018-12-21 08:00:00,85.99999999999994,66,0,2.6,-4.87,-43.35
102,Caxito,BR,2018-12-21 08:00:00,87.80000000000001,62,0,7.7,-22.65,-42.51
103,Cayenne,GF,2018-12-21 08:30:00,85.99999999999994,66,88,6.7,4.94,-52.33
104,Chake Chake,TZ,2018-12-21 08:53:07,85.84160000000003,88,0,6.61,-5.25,39.77
105,Chandur Bazar,IN,2018-12-21 08:53:08,56.45660000000004,62,0,2.21,21.24,77.75
106,Channel-Port aux Basques,CA,2018-12-21 08:53:08,35.30660000000006,100,24,3.01,47.57,-59.14
107,Chara,GR,2018-12-21 07:50:00,51.799999999999955,66,40,1.01,39.42,22.43
108,Charlestown,US,2018-12-21 08:41:00,57.920000000000016,96,90,6.2,41.38,-71.64
109,Chazuta,PE,2018-12-21 08:00:00,62.599999999999966,290,75,1.11,-6.57,-76.13
110,Chernolesskoye,RU,2018-12-21 08:53:09,33.05660000000006,97,88,4.01,44.72,43.71
111,Cherskiy,RU,2018-12-21 08:53:09,-34.9384,0,36,1.21,68.75,161.3
112,Chiredzi,ZW,2018-12-21 08:51:54,83.09659999999991,62,92,6.11,-21.05,31.67
113,Chokurdakh,RU,2018-12-21 08:53:10,-25.578399999999988,39,68,3.51,70.62,147.9
114,Christchurch,NZ,2018-12-21 08:30:00,51.799999999999955,100,20,1.0,-43.53,172.64
115,Christiana,ZA,2018-12-21 08:53:10,95.51659999999998,12,0,6.46,-27.91,25.16
116,Chuka,KE,2018-12-21 08:53:11,74.59160000000003,70,8,3.16,-0.33,37.65
117,Chumikan,RU,2018-12-21 08:53:11,-3.7083999999999833,77,8,3.21,54.72,135.31
118,Chute-aux-Outardes,CA,2018-12-21 08:00:00,30.199999999999932,86,90,9.3,49.12,-68.38
119,Chuy,UY,2018-12-21 08:53:11,69.73160000000001,100,92,3.36,-33.69,-53.46
120,Cidreira,BR,2018-12-21 08:53:11,77.69659999999993,100,48,2.81,-30.17,-50.22
121,Ciudad Bolivar,VE,2018-12-21 08:53:12,76.6166,87,80,3.56,8.12,-63.55
122,Clyde River,CA,2018-12-21 08:00:00,-14.800000000000011,75,1,2.1,70.47,-68.59
123,Cockburn Town,TC,2018-12-21 08:53:13,80.30660000000006,98,0,8.16,21.46,-71.14
124,Cocobeach,GA,2018-12-21 08:30:00,84.19999999999999,79,20,3.1,1.01,9.58
125,Codrington,AU,2018-12-21 08:28:00,73.39999999999992,88,75,3.1,-28.95,153.24
126,College,US,2018-12-21 07:58:00,-16.060000000000002,75,1,1.21,64.86,-147.8
127,Constitucion,MX,2018-12-21 07:45:00,21.199999999999932,79,5,1.5,23.99,-104.67
128,Coos Bay,US,2018-12-21 07:56:00,40.99999999999994,100,90,3.1,43.37,-124.22
129,Cordoba,CO,2018-12-21 08:53:14,66.08660000000003,48,20,0.31,5.59,-73.79
130,Corrientes,AR,2018-12-21 08:00:00,75.19999999999999,88,90,5.1,-27.47,-58.83
131,Coxim,BR,2018-12-21 08:53:14,93.4916,63,0,2.51,-18.5,-54.75
132,Creel,MX,2018-12-21 08:53:14,24.6866,61,0,0.86,27.75,-107.63
133,Culaman,PH,2018-12-21 08:53:14,73.2416,100,80,1.21,5.96,125.66
134,Cururupu,BR,2018-12-21 08:53:14,85.43659999999994,75,24,4.36,-1.82,-44.87
135,Dalby,AU,2018-12-21 08:00:00,73.39999999999992,88,40,2.1,-27.18,151.26
136,Dali,CN,2018-12-21 08:53:15,43.09160000000003,86,0,1.41,25.6,100.24
137,Dalvik,SE,2018-12-21 08:20:00,28.399999999999977,100,75,4.1,57.79,14.13
138,Daru,SL,2018-12-21 08:53:15,95.56159999999994,31,0,3.41,7.99,-10.85
139,Dedza,MW,2018-12-21 08:53:15,72.29659999999996,78,64,2.21,-14.38,34.33
140,Dengzhou,CN,2018-12-21 08:53:15,47.68160000000006,74,92,4.46,32.69,112.08
141,Deputatskiy,RU,2018-12-21 08:53:16,-34.9384,0,32,1.36,69.3,139.9
142,Dicabisagan,PH,2018-12-21 08:53:16,73.06159999999994,100,92,2.76,17.08,122.42
143,Dikson,RU,2018-12-21 08:53:16,-13.383399999999995,100,0,1.21,73.51,80.55
144,Dingle,PH,2018-12-21 08:53:16,74.3666,99,88,2.81,11.0,122.67
145,Dolores,UY,2018-12-21 08:53:17,77.83160000000004,80,0,5.01,-33.53,-58.22
146,Dormidontovka,RU,2018-12-21 08:53:17,1.4215999999999553,61,32,1.21,47.77,134.91
147,Dukat,RS,2018-12-21 08:53:17,32.741600000000005,94,48,0.86,42.44,22.31
148,Durgeli,RU,2018-12-21 08:30:00,40.99999999999994,93,90,3.0,42.67,47.29
149,Dutse,NG,2018-12-21 08:53:17,83.3666,29,32,4.36,11.76,9.34
150,East London,ZA,2018-12-21 08:00:00,76.99999999999994,65,20,11.8,-33.02,27.91
151,El Balsamo,HN,2018-12-21 08:00:00,67.99999999999994,94,90,2.1,15.07,-87.47
152,Emerald,AU,2018-12-21 08:00:00,85.99999999999994,62,0,6.2,-23.53,148.16
153,Esperance,TT,2018-12-21 08:00:00,80.59999999999997,83,20,3.1,10.24,-61.45
154,Eureka,US,2018-12-21 08:35:00,40.99999999999994,100,1,4.76,40.8,-124.16
155,Faanui,PF,2018-12-21 08:53:19,83.09659999999991,100,76,6.11,-16.48,-151.75
156,Fairbanks,US,2018-12-21 07:58:00,-18.939999999999998,75,1,1.21,64.84,-147.72
157,Fare,PF,2018-12-21 08:53:19,82.51159999999999,100,76,5.66,-16.7,-151.02
158,Faya,SA,2018-12-21 08:00:00,71.59999999999997,68,40,6.2,18.39,42.45
159,Flinders,AU,2018-12-21 08:35:00,60.80000000000001,100,90,8.7,-34.58,150.85
160,Fort Nelson,CA,2018-12-21 08:00:00,10.399999999999977,85,75,1.0,58.81,-122.69
161,Fort-Shevchenko,KZ,2018-12-21 08:53:20,27.566599999999994,100,0,5.41,44.51,50.26
162,Fortuna,ES,2018-12-21 08:30:00,62.599999999999966,48,0,3.6,38.18,-1.13
163,Fuerte Olimpo,BR,2018-12-21 08:53:21,90.65660000000008,69,48,4.71,-21.04,-57.87
164,Galeana,MX,2018-12-21 08:53:21,31.481600000000014,61,0,1.21,24.83,-100.08
165,Gamba,CN,2018-12-21 08:53:21,-16.758399999999995,40,0,2.01,28.28,88.52
166,Gao,ML,2018-12-21 08:53:21,83.68160000000006,23,0,4.91,16.28,-0.04
167,Gat,SN,2018-12-21 08:30:00,91.39999999999992,9,0,6.7,14.69,-16.54
168,Gazanjyk,TM,2018-12-21 08:53:22,30.986599999999953,98,92,2.51,39.24,55.52
169,Gazli,UZ,2018-12-21 08:49:53,32.5616,73,80,5.11,40.13,63.45
170,Georgetown,GY,2018-12-21 08:00:00,82.39999999999992,83,75,7.2,6.8,-58.16
171,Geraldton,CA,2018-12-21 08:00:00,10.399999999999977,78,90,4.6,49.72,-86.95
172,Glendora,US,2018-12-21 07:58:00,55.94,77,1,0.61,34.14,-117.87
173,Goundam,ML,2018-12-21 08:53:23,85.16660000000007,26,0,5.11,16.42,-3.66
174,Goundi,TD,2018-12-21 08:53:23,90.97159999999991,15,12,3.71,9.36,17.37
175,Grand Gaube,MU,2018-12-21 08:00:00,80.59999999999997,78,75,7.2,-20.01,57.66
176,Griffith,AU,2018-12-21 08:00:00,67.99999999999994,59,0,8.2,-34.29,146.06
177,Grindavik,IS,2018-12-21 08:30:00,31.999999999999943,100,0,3.1,63.84,-22.43
178,Guerrero Negro,MX,2018-12-21 08:53:24,47.63659999999999,92,20,0.61,27.97,-114.04
179,Gundlupet,IN,2018-12-21 08:53:24,76.79659999999996,64,100,0.06,11.81,76.69
180,Haapiti,PF,2018-12-21 08:30:00,78.80000000000001,78,44,4.1,-17.57,-149.87
181,Haimen,CN,2018-12-21 08:53:25,51.01159999999999,98,100,3.46,31.87,121.18
182,Half Moon Bay,US,2018-12-21 08:40:00,53.599999999999966,100,90,1.5,37.46,-122.43
183,Halifax,CA,2018-12-21 08:26:00,31.999999999999943,93,90,5.1,44.65,-63.58
184,Hambantota,LK,2018-12-21 08:10:00,75.19999999999999,100,75,1.5,6.12,81.12
185,Hami,CN,2018-12-21 08:53:25,7.8115999999999985,78,12,3.21,42.84,93.51
186,Hamilton,BM,2018-12-21 07:55:00,69.80000000000001,73,75,9.3,32.3,-64.78
187,Hammerfest,NO,2018-12-21 08:20:00,33.799999999999955,68,0,7.7,70.66,23.68
188,Harlingen,US,2018-12-21 08:35:00,48.19999999999993,62,40,2.1,26.19,-97.7
189,Harper,US,2018-12-21 08:35:00,30.920000000000016,74,1,1.5,30.3,-99.24
190,Hasaki,JP,2018-12-21 08:30:00,51.799999999999955,66,75,2.6,35.73,140.83
191,Hassleholm,SE,2018-12-21 08:20:00,39.19999999999993,97,90,6.2,56.16,13.77
192,Hastings,NZ,2018-12-21 08:53:26,59.83160000000004,100,0,6.56,-39.64,176.84
193,Havre-Saint-Pierre,CA,2018-12-21 08:00:00,17.599999999999966,78,40,4.1,50.23,-63.6
194,Hay River,CA,2018-12-21 08:35:00,10.399999999999977,92,90,5.7,60.82,-115.79
195,Henties Bay,NA,2018-12-21 08:53:27,66.80660000000006,86,0,3.76,-22.12,14.28
196,Hermanus,ZA,2018-12-21 08:53:27,79.13659999999999,46,64,1.96,-34.42,19.24
197,Hermiston,US,2018-12-21 08:35:00,39.19999999999993,69,1,6.7,45.84,-119.29
198,High Level,CA,2018-12-21 08:53:28,11.006600000000049,74,92,3.76,58.52,-117.13
199,Hilo,US,2018-12-21 08:06:00,66.02000000000004,96,90,2.6,19.71,-155.08
200,Hithadhoo,MV,2018-12-21 08:53:29,81.56660000000005,100,0,2.06,-0.6,73.08
201,Hobart,AU,2018-12-21 08:30:00,51.799999999999955,93,75,2.6,-42.88,147.33
202,Hofn,IS,2018-12-21 08:00:00,39.19999999999993,100,75,5.1,64.25,-15.21
203,Honiara,SB,2018-12-21 08:53:31,75.44659999999993,100,92,1.06,-9.43,159.96
204,Honningsvag,NO,2018-12-21 07:50:00,26.599999999999966,79,0,6.2,70.98,25.97
205,Hovd,NO,2018-12-21 08:20:00,33.799999999999955,79,0,7.2,63.83,10.7
206,Huarmey,PE,2018-12-21 08:53:31,69.82159999999993,84,92,1.76,-10.07,-78.15
207,Hun,BE,2018-12-21 08:20:00,55.39999999999992,76,75,11.8,50.34,4.87
208,Huntington,US,2018-12-21 08:37:00,60.079999999999984,96,90,11.3,40.87,-73.43
209,Husavik,CA,2018-12-21 08:53:32,10.241600000000005,79,76,5.91,50.56,-96.99
210,Idenao,CM,2018-12-21 08:00:00,87.80000000000001,55,20,3.6,4.25,9.0
211,Ihosy,MG,2018-12-21 08:53:32,75.94160000000005,64,92,2.16,-22.4,46.13
212,Ilo,PE,2018-12-21 08:00:00,69.80000000000001,77,90,3.6,-17.65,-71.34
213,Ilulissat,GL,2018-12-21 07:50:00,22.999999999999943,92,90,3.1,69.22,-51.1
214,Imbituba,BR,2018-12-21 08:00:00,82.39999999999992,69,0,4.1,-28.24,-48.67
215,Indianola,US,2018-12-21 08:35:00,21.739999999999952,80,1,1.5,40.24,-100.42
216,Iqaluit,CA,2018-12-21 08:00:00,-0.39999999999997726,77,90,6.7,63.75,-68.52
217,Iracoubo,GF,2018-12-21 08:53:34,76.39159999999998,95,92,2.51,5.48,-53.21
218,Isangel,VU,2018-12-21 08:53:34,75.98660000000001,100,92,3.76,-19.55,169.27
219,Itoman,JP,2018-12-21 08:30:00,73.39999999999992,78,40,1.0,26.12,127.67
220,Ivankiv,UA,2018-12-21 08:30:00,26.599999999999966,100,90,3.0,50.93,29.9
221,Jacksonville,US,2018-12-21 08:35:00,59.71999999999997,77,40,5.7,30.33,-81.66
222,Jalu,LY,2018-12-21 08:53:35,65.41159999999996,39,76,1.81,29.03,21.55
223,Jamestown,AU,2018-12-21 08:48:44,51.64160000000004,72,0,4.41,-33.21,138.6
224,Japura,ID,2018-12-21 08:53:36,72.88159999999999,98,68,0.71,-0.42,102.29
225,Jaru,BR,2018-12-21 08:53:36,87.3716,68,8,1.36,-10.43,-62.48
226,Jerome,US,2018-12-21 08:35:00,48.19999999999993,36,1,3.6,34.75,-112.11
227,Jinxi,CN,2018-12-21 08:53:37,56.00659999999999,99,92,1.46,27.92,116.75
228,Junagadh,IN,2018-12-21 08:53:37,68.02159999999998,35,0,3.11,21.52,70.46
229,Kahului,US,2018-12-21 07:56:00,71.9600000000001,84,20,4.6,20.89,-156.47
230,Kaitangata,NZ,2018-12-21 08:53:37,45.61159999999995,82,12,3.31,-46.28,169.85
231,Kalga,RU,2018-12-21 08:53:38,4.121599999999944,73,68,1.21,50.92,118.9
232,Kalmunai,LK,2018-12-21 08:53:38,73.8716,100,92,1.16,7.42,81.82
233,Kambove,CD,2018-12-21 08:53:38,64.73660000000001,97,92,3.11,-10.88,26.6
234,Kamloops,CA,2018-12-21 08:53:38,26.621599999999944,78,88,0.66,50.68,-120.34
235,Kanash,RU,2018-12-21 08:30:00,10.399999999999977,85,20,3.0,55.51,47.5
236,Kang,BW,2018-12-21 08:53:38,95.7416,23,8,2.66,-23.67,22.79
237,Kangaba,ML,2018-12-21 08:53:38,92.9966,23,0,5.91,11.94,-8.41
238,Kanniyakumari,IN,2018-12-21 08:53:39,83.00659999999999,100,88,1.01,8.08,77.57
239,Kannod,IN,2018-12-21 08:53:39,54.83660000000003,58,0,3.21,22.67,76.74
240,Kapaa,US,2018-12-21 07:56:00,73.04000000000002,70,90,7.2,22.08,-159.32
241,Kapuskasing,CA,2018-12-21 08:00:00,15.799999999999955,92,90,4.6,49.42,-82.43
242,Kargasok,RU,2018-12-21 08:53:40,14.786599999999964,66,68,4.76,59.06,80.87
243,Kargil,PK,2018-12-21 08:53:40,-23.6884,64,0,0.56,34.56,76.13
244,Karymskoye,RU,2018-12-21 08:53:41,3.80660000000006,74,68,6.21,51.62,114.34
245,Katangli,RU,2018-12-21 08:53:44,11.14160000000004,100,8,5.41,51.71,143.23
246,Katete,UG,2018-12-21 08:53:44,74.86160000000001,60,56,2.51,-0.78,29.75
247,Katsuura,JP,2018-12-21 08:13:00,57.19999999999999,100,75,4.6,33.93,134.5
248,Kavaratti,IN,2018-12-21 08:53:45,81.34160000000003,100,0,2.31,10.57,72.64
249,Kavieng,PG,2018-12-21 08:53:45,81.1166,100,68,3.31,-2.57,150.8
250,Kedougou,SN,2018-12-21 08:53:45,95.33660000000003,20,8,5.41,12.56,-12.19
251,Kendari,ID,2018-12-21 08:53:45,79.9916,73,56,3.91,-3.99,122.52
252,Ketchikan,US,2018-12-21 07:56:00,35.960000000000036,92,90,2.6,55.34,-131.65
253,Khalkhal,IR,2018-12-21 08:53:46,30.896599999999978,92,92,0.96,37.62,48.53
254,Kharan,PK,2018-12-21 08:53:46,42.05660000000006,82,0,1.31,28.58,65.42
255,Khatanga,RU,2018-12-21 08:53:46,-12.438400000000001,60,56,2.91,71.98,102.47
256,Khor,RU,2018-12-21 08:53:47,1.4215999999999553,61,32,1.21,47.88,134.96
257,Khuzhir,RU,2018-12-21 08:53:47,-5.148399999999981,100,0,3.71,53.19,107.35
258,Kiama,AU,2018-12-21 08:35:00,60.80000000000001,100,90,8.7,-34.67,150.86
259,Kijang,KR,2018-12-21 08:00:00,42.799999999999955,87,0,2.6,35.24,129.21
260,Killybegs,IE,2018-12-21 08:00:00,46.39999999999998,100,90,2.1,54.63,-8.45
261,Kimbe,PG,2018-12-21 08:53:47,78.73160000000001,100,88,1.46,-5.56,150.15
262,kimparana,ML,2018-12-21 08:53:48,90.07159999999993,25,0,5.51,12.83,-4.92
263,Kindu,CD,2018-12-21 08:53:48,78.14659999999998,81,32,1.21,-2.95,25.92
264,Kingsport,US,2018-12-21 08:42:00,48.19999999999993,96,90,3.1,36.55,-82.56
265,Kintampo,GH,2018-12-21 08:53:48,93.67159999999996,40,0,2.31,8.05,-1.73
266,Klaksvik,FO,2018-12-21 08:20:00,42.799999999999955,87,88,2.6,62.23,-6.59
267,Knezica,BA,2018-12-21 08:00:00,31.999999999999943,98,40,0.96,45.1,16.68
268,Ko Samui,TH,2018-12-21 08:30:00,80.59999999999997,94,20,1.0,9.54,99.94
269,Kodiak,US,2018-12-21 08:15:00,30.199999999999932,92,90,4.6,39.95,-94.76
270,Kodinsk,RU,2018-12-21 08:53:49,-9.738400000000013,51,44,2.91,58.6,99.18
271,Kofele,ET,2018-12-21 08:53:50,63.61160000000001,32,56,2.36,7.07,38.78
272,Kommunar,RU,2018-12-21 08:30:00,8.599999999999966,92,75,5.0,59.62,30.39
273,Komsomolskiy,RU,2018-12-21 08:53:50,17.081600000000037,89,80,6.76,67.55,63.78
274,Kribi,CM,2018-12-21 08:53:50,86.92159999999996,69,32,1.66,2.94,9.91
275,Kropotkin,RU,2018-12-21 08:53:50,36.97159999999997,92,24,2.36,45.43,40.58
276,Kroya,ID,2018-12-21 08:53:50,74.00659999999999,93,64,1.31,-6.5,108.06
277,Kruisfontein,ZA,2018-12-21 08:53:51,75.22159999999991,67,68,7.61,-34.0,24.73
278,Kulynychi,UA,2018-12-21 08:30:00,28.399999999999977,92,90,4.0,49.98,36.38
279,Kunming,CN,2018-12-21 08:00:00,51.799999999999955,50,0,5.0,25.04,102.71
280,Kutum,SD,2018-12-21 08:53:51,72.97159999999991,14,0,4.71,14.2,24.66
281,Victoria,BN,2018-12-21 08:30:00,82.39999999999992,78,75,1.5,5.28,115.24
282,Lagoa,PT,2018-12-21 08:00:00,62.599999999999966,63,0,5.7,37.14,-8.45
283,Lagos,NG,2018-12-21 08:00:00,94.99999999999994,50,20,3.1,6.46,3.39
284,Laguna,MX,2018-12-21 07:56:00,44.599999999999966,87,5,3.1,27.52,-110.01
285,Lakatoro,VU,2018-12-21 08:53:52,77.29160000000007,100,76,1.16,-16.11,167.42
286,Lalin,CN,2018-12-21 08:00:00,24.799999999999955,85,90,3.0,45.23,126.86
287,Lasa,CY,2018-12-21 08:30:00,66.19999999999999,59,20,6.2,34.92,32.53
288,Lata,IN,2018-12-21 08:53:53,23.38160000000005,85,0,0.71,30.78,78.62
289,Lavrentiya,RU,2018-12-21 08:53:53,9.791600000000017,100,80,8.06,65.58,-170.99
290,Lebu,ET,2018-12-21 08:53:53,64.55660000000006,36,20,2.11,8.96,38.73
291,Leningradskiy,RU,2018-12-21 08:53:54,-12.16840000000002,99,0,6.46,69.38,178.42
292,Lensk,RU,2018-12-21 08:53:54,-3.978400000000022,51,32,2.56,60.71,114.91
293,Les Cayes,HT,2018-12-21 08:53:54,75.4916,100,56,4.16,18.19,-73.75
294,Lompoc,US,2018-12-21 08:33:00,53.599999999999966,93,90,4.51,34.64,-120.46
295,Longyearbyen,NO,2018-12-21 07:50:00,33.799999999999955,74,75,5.7,78.22,15.63
296,Lorengau,PG,2018-12-21 08:53:55,75.76159999999999,100,92,5.81,-2.02,147.27
297,Los Llanos de Aridane,ES,2018-12-21 08:30:00,73.39999999999992,56,20,2.6,28.66,-17.92
298,Loveland,US,2018-12-21 08:35:00,35.599999999999966,56,1,1.5,40.4,-105.08
299,Luau,CD,2018-12-21 08:53:56,76.6166,66,92,1.81,-10.7,22.23
300,Luderitz,NA,2018-12-21 08:53:56,68.7416,72,0,8.16,-26.65,15.16
301,Lulea,SE,2018-12-21 08:20:00,21.199999999999932,85,90,2.1,65.58,22.15
302,Luwuk,ID,2018-12-21 08:53:56,78.64159999999998,100,48,1.96,-0.95,122.79
303,Lyambir,RU,2018-12-21 08:53:56,13.436599999999999,88,88,3.56,54.28,45.12
304,Mabaruma,GY,2018-12-21 08:53:56,81.38659999999999,78,92,3.71,8.2,-59.78
305,Macamic,CA,2018-12-21 08:00:00,31.999999999999943,93,90,4.1,48.75,-79.0
306,Macapa,BR,2018-12-21 08:20:00,76.99999999999994,100,75,3.1,0.05,-51.07
307,Macheng,CN,2018-12-21 08:53:57,46.781600000000026,98,92,1.41,31.18,115.03
308,Mahebourg,MU,2018-12-21 08:00:00,80.59999999999997,78,75,7.2,-20.41,57.7
309,Maldonado,UY,2018-12-21 08:00:00,69.80000000000001,88,90,1.5,-34.91,-54.96
310,Malumfashi,NG,2018-12-21 08:53:58,80.53160000000008,26,12,5.71,11.79,7.62
311,Manavalakurichi,IN,2018-12-21 08:30:00,84.19999999999999,70,40,1.5,8.13,77.3
312,Mangai,CD,2018-12-21 08:53:58,78.19160000000005,90,36,0.41,-4.07,19.59
320,Maragogi,BR,2018-12-21 08:53:58,83.09659999999991,76,68,3.91,-9.01,-35.22
321,Marawi,PH,2018-12-21 08:53:58,67.6166,100,92,0.61,8.0,124.29
322,Margate,AU,2018-12-21 08:30:00,51.799999999999955,93,75,2.6,-43.03,147.26
323,Marica,BR,2018-12-21 08:00:00,94.99999999999994,74,20,6.2,-22.92,-42.82
324,Marienburg,DE,2018-12-21 08:20:00,46.39999999999998,93,75,4.1,52.12,9.98
325,Markova,RU,2018-12-21 08:53:59,-4.878399999999999,65,32,1.21,52.21,104.21
326,Marsh Harbour,BS,2018-12-21 08:53:59,73.69160000000005,100,92,11.71,26.54,-77.06
327,Martapura,ID,2018-12-21 08:00:00,82.39999999999992,74,20,2.1,-3.41,114.85
328,Marzuq,YE,2018-12-21 08:54:00,63.20660000000004,31,0,2.61,14.4,46.47
329,Mataura,NZ,2018-12-21 08:54:00,45.43160000000006,99,92,2.21,-46.19,168.86
330,Mbini,GQ,2018-12-21 08:00:00,85.99999999999994,79,40,4.1,1.58,9.62
331,Mehamn,NO,2018-12-21 07:50:00,26.599999999999966,79,0,6.2,71.03,27.85
332,Mehtar Lam,AF,2018-12-21 07:55:00,50.72000000000003,64,1,1.11,34.67,70.21
333,Melkote,IN,2018-12-21 08:54:02,77.69659999999993,61,92,1.31,12.66,76.65
334,Merauke,ID,2018-12-21 08:54:03,81.61160000000001,97,44,2.86,-8.49,140.4
335,Mersing,MY,2018-12-21 08:54:03,80.30660000000006,90,92,3.41,2.43,103.84
336,Meru,KE,2018-12-21 08:54:03,71.26159999999999,65,24,1.66,0.05,37.65
337,Meulaboh,ID,2018-12-21 08:54:03,81.20660000000004,100,8,3.16,4.14,96.13
338,Mikhaylov,RU,2018-12-21 08:54:03,18.656600000000026,93,88,4.71,54.23,39.03
339,Misawa,JP,2018-12-21 08:54:03,41.606600000000014,100,92,5.56,40.75,141.38
340,Mishan,CN,2018-12-21 08:54:04,14.471599999999967,78,32,0.21,45.55,131.88
341,Mitsamiouli,KM,2018-12-21 08:00:00,89.59999999999997,59,20,2.6,-11.38,43.28
342,Mochudi,BW,2018-12-21 08:00:00,91.39999999999992,29,40,6.7,-24.38,26.15
343,Mogzon,RU,2018-12-21 08:54:04,-0.6034000000000219,50,36,7.06,51.74,111.97
344,Montepuez,MZ,2018-12-21 08:54:04,72.7466,100,88,2.26,-13.13,39.0
345,Montgomery,US,2018-12-21 08:35:00,45.49999999999994,97,90,5.7,32.37,-86.3
346,Morgan City,US,2018-12-21 08:15:00,47.299999999999955,68,1,4.6,29.7,-91.21
347,Morros,BR,2018-12-21 08:00:00,85.99999999999994,70,75,6.2,-2.87,-44.04
348,Mount Gambier,AU,2018-12-21 08:00:00,53.599999999999966,87,92,2.6,-37.83,140.78
349,Mucurapo,TT,2018-12-21 08:00:00,80.59999999999997,83,20,3.1,10.67,-61.53
350,Mulchen,CL,2018-12-21 08:00:00,64.39999999999992,82,0,5.1,-37.72,-72.23
351,Mumbwa,ZM,2018-12-21 08:54:06,78.8666,72,32,3.46,-14.99,27.06
352,Muzaffarabad,PK,2018-12-21 08:54:06,35.981600000000014,58,0,1.86,34.37,73.47
353,Myanaung,MM,2018-12-21 08:54:06,78.14659999999998,83,92,3.11,18.28,95.32
354,Nabire,ID,2018-12-21 08:54:07,69.23660000000001,94,76,0.86,-3.36,135.5
355,Namibe,AO,2018-12-21 08:00:00,75.19999999999999,78,75,5.1,-15.19,12.15
356,Nanortalik,GL,2018-12-21 08:54:07,30.941599999999994,86,0,1.41,60.14,-45.24
357,Narsaq,GL,2018-12-21 08:54:07,7.7666000000000395,49,0,1.51,60.91,-46.05
358,Nazca,PE,2018-12-21 08:54:07,74.59160000000003,61,44,1.51,-14.83,-74.94
359,Necochea,AR,2018-12-21 08:54:08,63.56660000000005,100,100,4.06,-38.55,-58.74
360,Nelson Bay,AU,2018-12-21 08:30:00,69.80000000000001,83,75,2.6,-32.72,152.14
361,Nemuro,JP,2018-12-21 08:54:08,35.26159999999999,100,64,3.71,43.32,145.57
362,New Norfolk,AU,2018-12-21 08:30:00,51.799999999999955,93,75,2.6,-42.78,147.06
363,Ngunguru,NZ,2018-12-21 08:54:09,62.53160000000008,100,44,5.71,-35.62,174.5
364,Nguru,NG,2018-12-21 08:54:09,84.44659999999993,23,8,5.01,12.88,10.45
365,Nikolskoye,RU,2018-12-21 08:30:00,8.599999999999966,92,75,5.0,59.7,30.79
366,Nioro,GM,2018-12-21 08:54:10,93.89659999999998,25,0,6.16,13.79,-15.05
367,Nipawin,CA,2018-12-21 08:41:00,26.599999999999966,92,90,8.7,53.36,-104.02
368,Nishihara,JP,2018-12-21 08:00:00,53.599999999999966,77,75,2.1,35.74,139.53
369,Nizhniy Baskunchak,RU,2018-12-21 08:54:11,13.436599999999999,84,64,4.21,48.22,46.83
370,Nizhniy Tsasuchey,RU,2018-12-21 08:54:11,1.736599999999953,65,64,3.31,50.52,115.13
371,Nome,US,2018-12-21 08:35:00,46.579999999999984,63,1,3.6,30.04,-94.42
372,Norman Wells,CA,2018-12-21 08:00:00,-13.0,75,75,2.6,65.28,-126.83
373,North Battleford,CA,2018-12-21 08:00:00,35.599999999999966,74,20,5.7,52.78,-108.3
374,North Bend,US,2018-12-21 07:56:00,40.99999999999994,100,90,3.1,43.41,-124.22
375,Nouadhibou,MR,2018-12-21 08:00:00,78.80000000000001,26,0,5.7,20.93,-17.03
376,Noumea,NC,2018-12-21 08:30:00,75.19999999999999,88,0,1.76,-22.28,166.46
377,Nova Olinda do Norte,BR,2018-12-21 08:54:12,79.4966,93,80,1.76,-3.89,-59.1
378,Novo Aripuana,BR,2018-12-21 08:54:12,82.51159999999999,87,76,1.11,-5.12,-60.38
379,Novopavlovka,RU,2018-12-21 08:54:12,-1.8634000000000128,53,44,2.96,51.21,109.22
380,Novyy Urgal,RU,2018-12-21 08:54:12,-31.068399999999997,0,0,0.86,51.07,132.56
381,Nuevo Progreso,US,2018-12-21 08:35:00,48.19999999999993,62,40,2.1,26.05,-97.95
382,Nurota,UZ,2018-12-21 08:30:00,40.99999999999994,85,88,3.1,40.56,65.69
383,Nyzhni Sirohozy,UA,2018-12-21 08:54:13,30.13160000000005,96,88,1.41,46.85,34.38
384,Okhotsk,RU,2018-12-21 08:54:14,-2.3134000000000015,100,0,3.86,59.36,143.24
385,Ola,RU,2018-12-21 08:54:14,16.271599999999978,100,8,4.81,59.58,151.3
386,Olavarria,AR,2018-12-21 08:54:15,73.2416,80,44,5.76,-36.89,-60.32
387,Olinda,EC,2018-12-21 08:00:00,75.19999999999999,88,90,2.6,-2.03,-79.75
388,Olsztyn,PL,2018-12-21 08:30:00,33.799999999999955,100,90,2.6,53.78,20.48
389,Omboue,GA,2018-12-21 08:54:15,80.44160000000005,100,12,3.51,-1.57,9.26
390,Omsukchan,RU,2018-12-21 08:54:15,-14.913400000000024,82,56,1.76,62.53,155.8
391,Opunake,NZ,2018-12-21 08:54:15,60.01159999999999,100,92,8.61,-39.45,173.86
392,Opuwo,NA,2018-12-21 08:54:16,92.45660000000004,11,44,3.56,-18.06,13.84
393,Osa,RU,2018-12-21 08:54:16,7.271599999999978,78,92,2.56,57.28,55.46
394,Oshawa,CA,2018-12-21 08:42:00,42.799999999999955,100,90,3.6,43.92,-78.86
395,Ostrovnoy,RU,2018-12-21 08:54:16,12.221599999999967,86,48,4.46,68.05,39.51
396,Ottawa,CA,2018-12-21 08:09:00,37.39999999999998,100,90,7.2,45.42,-75.69
397,Outjo,NA,2018-12-21 08:54:16,95.47159999999991,18,12,3.11,-20.11,16.16
398,Ovruch,UA,2018-12-21 08:54:16,29.456600000000037,91,88,4.46,51.33,28.8
399,Paamiut,GL,2018-12-21 08:54:17,31.25660000000005,85,0,3.21,61.99,-49.67
400,Pacific Grove,US,2018-12-21 08:15:00,51.079999999999984,100,40,1.5,36.62,-121.92
401,Paita,PE,2018-12-21 08:00:00,62.599999999999966,290,90,7.7,-5.09,-81.11
402,Palmer,US,2018-12-21 08:29:00,13.999999999999943,92,90,1.51,61.6,-149.11
403,Palu,ID,2018-12-21 08:54:17,66.76159999999999,88,32,0.66,-0.9,119.87
404,Pandegelang,ID,2018-12-21 08:30:00,82.39999999999992,69,20,2.1,-6.31,106.11
405,Pangnirtung,CA,2018-12-21 08:19:00,1.3999999999999773,91,90,1.0,66.15,-65.72
406,Pangoa,PE,2018-12-21 08:54:18,74.90660000000008,83,68,0.86,-12.12,-73.0
407,Pankrushikha,RU,2018-12-21 08:54:18,5.6066000000000145,75,68,9.66,53.83,80.35
408,Pannonhalma,HU,2018-12-21 07:45:00,37.39999999999998,90,36,4.6,47.55,17.75
409,Pasni,PK,2018-12-21 08:54:18,71.53160000000008,98,0,1.76,25.26,63.48
410,Pevek,RU,2018-12-21 08:54:18,-26.748400000000004,100,12,2.61,69.7,170.27
411,Phalombe,MW,2018-12-21 08:54:19,76.66159999999996,85,36,1.76,-15.81,35.65
412,Pierre,US,2018-12-21 07:53:00,26.06000000000006,88,1,3.6,44.37,-100.35
413,Pimenta Bueno,BR,2018-12-21 08:54:19,83.41159999999996,79,44,1.31,-11.68,-61.19
414,Pisco,PE,2018-12-21 08:00:00,71.59999999999997,30,75,0.5,-13.71,-76.2
415,Pitogo,PH,2018-12-21 08:54:19,78.46160000000003,100,56,4.51,13.79,122.09
416,Polunochnoye,RU,2018-12-21 08:54:20,2.906600000000026,57,12,4.06,60.87,60.43
417,Ponta Delgada,PT,2018-12-21 08:00:00,64.39999999999992,93,75,6.2,37.73,-25.67
425,Porbandar,IN,2018-12-21 08:54:20,74.09659999999991,49,0,4.11,21.64,69.61
426,Port Alfred,ZA,2018-12-21 08:54:20,76.93160000000006,72,20,10.51,-33.59,26.89
427,Port Arthur,US,2018-12-21 08:35:00,46.579999999999984,58,1,3.1,29.9,-93.93
428,Port Augusta,AU,2018-12-21 08:00:00,64.39999999999992,63,90,6.7,-32.49,137.76
429,Port Blair,IN,2018-12-21 08:52:42,82.19659999999993,100,64,2.66,11.67,92.75
430,Port Elizabeth,US,2018-12-21 08:41:00,60.80000000000001,100,90,4.1,39.31,-74.98
431,Port Hardy,CA,2018-12-21 08:00:00,31.999999999999943,92,40,2.1,50.7,-127.42
432,Port Hedland,AU,2018-12-21 08:30:00,80.59999999999997,69,8,5.7,-20.31,118.58
433,Port Lincoln,AU,2018-12-21 08:54:22,57.491600000000005,100,24,4.91,-34.72,135.86
434,Port-Cartier,CA,2018-12-21 08:48:00,26.599999999999966,79,90,4.6,50.03,-66.88
435,Portland,US,2018-12-21 08:40:00,37.039999999999964,92,75,3.1,45.52,-122.67
436,Poum,MK,2018-12-21 08:30:00,44.599999999999966,70,75,0.86,41.28,20.71
437,Poya,NC,2018-12-21 08:54:23,77.11160000000001,100,8,1.96,-21.35,165.16
438,Praia,BR,2018-12-21 08:00:00,87.80000000000001,48,20,1.5,-20.25,-43.81
439,Praia da Vitoria,PT,2018-12-21 08:00:00,62.599999999999966,88,20,4.16,38.73,-27.07
440,Prainha,BR,2018-12-21 08:54:24,85.57159999999993,71,12,1.66,-1.8,-53.48
441,Preetz,DE,2018-12-21 08:20:00,42.799999999999955,93,75,3.6,54.24,10.28
442,Preobrazheniye,RU,2018-12-21 08:54:24,26.396599999999978,93,32,1.16,42.9,133.91
443,Prince Rupert,CA,2018-12-21 08:00:00,31.999999999999943,100,20,3.1,54.32,-130.32
444,Provideniya,RU,2018-12-21 08:54:24,-1.5033999999999992,100,56,3.96,64.42,-173.23
445,Puerto Ayora,EC,2018-12-21 08:00:00,76.99999999999994,78,75,3.6,-0.74,-90.35
446,Puerto Carreno,CO,2018-12-21 08:00:00,82.39999999999992,74,0,2.1,6.19,-67.49
447,Puerto Colombia,CO,2018-12-21 08:00:00,78.80000000000001,94,75,1.0,10.99,-74.96
448,Puerto Escondido,MX,2018-12-21 07:40:00,69.80000000000001,68,40,6.2,15.86,-97.07
449,Punta Arenas,CL,2018-12-21 08:00:00,57.19999999999999,54,75,14.4,-53.16,-70.91
450,Pushkinskiye Gory,RU,2018-12-21 08:54:28,20.231600000000014,87,92,4.21,57.02,28.91
451,Pyapon,MM,2018-12-21 08:54:28,75.89659999999998,95,88,2.96,16.29,95.68
452,Pyu,MM,2018-12-21 08:54:28,72.61160000000001,84,88,1.26,18.48,96.43
453,Qaanaaq,GL,2018-12-21 08:54:28,-6.318399999999997,85,36,1.41,77.48,-69.36
454,Qaqortoq,GL,2018-12-21 08:54:29,26.396599999999978,87,0,2.81,60.72,-46.03
455,Quatre Cocos,MU,2018-12-21 08:00:00,80.59999999999997,78,75,7.2,-20.21,57.76
456,Quibor,VE,2018-12-21 08:00:00,75.19999999999999,78,40,2.1,9.93,-69.62
457,Raudeberg,NO,2018-12-21 08:20:00,42.799999999999955,52,75,10.8,61.99,5.14
458,Rawlins,US,2018-12-21 08:35:00,35.599999999999966,80,1,5.7,41.79,-107.24
459,Rawson,AR,2018-12-21 08:54:30,82.8716,32,0,3.36,-43.3,-65.11
460,Ribeira Grande,PT,2018-12-21 08:00:00,62.599999999999966,82,75,1.0,38.52,-28.7
461,Rikitea,PF,2018-12-21 08:54:30,77.78659999999996,100,88,5.56,-23.12,-134.97
462,Rincon,US,2018-12-21 08:50:00,60.079999999999984,82,1,11.3,32.3,-81.24
463,Rio Branco,BR,2018-12-21 08:15:00,76.99999999999994,88,40,1.5,-9.98,-67.82
464,Rio Sereno,PA,2018-12-21 08:00:00,73.39999999999992,94,8,1.5,8.82,-82.87
465,Riviere-au-Renard,CA,2018-12-21 08:00:00,24.799999999999955,92,75,1.0,49.0,-64.4
466,Rocha,UY,2018-12-21 08:54:34,64.69160000000005,100,92,4.61,-34.48,-54.34
467,Rome,IT,2018-12-21 08:20:00,58.99999999999994,58,0,1.0,41.89,12.48
468,Roros,NO,2018-12-21 08:20:00,21.199999999999932,92,75,8.2,62.57,11.38
469,Rorvik,NO,2018-12-21 08:20:00,31.999999999999943,100,0,6.2,64.86,11.24
470,Rosiori de Vede,RO,2018-12-21 08:54:34,21.80660000000006,90,24,2.76,44.12,24.98
471,Rovaniemi,FI,2018-12-21 08:20:00,12.199999999999932,92,75,1.0,66.5,25.72
472,Rundu,NA,2018-12-21 08:54:35,85.43659999999994,55,20,3.21,-17.91,19.77
473,Sabha,LY,2018-12-21 08:54:35,66.04160000000007,35,12,4.36,27.03,14.43
474,Sadiqabad,PK,2018-12-21 08:54:35,54.161599999999964,85,0,2.31,28.31,70.13
475,Saint Anthony,US,2018-12-21 08:11:00,37.039999999999964,75,1,10.8,43.97,-111.68
476,Saint George,GR,2018-12-21 07:50:00,51.799999999999955,66,40,1.01,39.45,22.34
477,Saint-Francois,FR,2018-12-21 08:30:00,57.19999999999999,67,90,4.1,46.42,3.91
478,Saint-Philippe,CA,2018-12-21 08:44:00,43.160000000000025,93,90,3.1,45.36,-73.48
479,Saint-Pierre,FR,2018-12-21 08:30:00,57.19999999999999,100,90,11.8,48.95,4.24
480,Salalah,OM,2018-12-21 07:50:00,80.59999999999997,47,20,4.1,17.01,54.1
481,Saldanha,PT,2018-12-21 08:54:38,50.921599999999955,92,92,4.06,41.42,-6.55
482,Salina,US,2018-12-21 08:35:00,33.079999999999984,80,1,3.6,36.29,-95.15
483,Samarai,PG,2018-12-21 08:54:38,79.94659999999993,100,88,6.11,-10.62,150.67
484,Sambava,MG,2018-12-21 08:54:39,82.51159999999999,99,0,7.61,-14.27,50.17
485,Samut Sakhon,TH,2018-12-21 08:30:00,85.99999999999994,74,20,2.1,13.55,100.27
486,San Carlos,VE,2018-12-21 08:54:39,88.04659999999996,55,0,2.56,9.66,-68.59
487,San Cristobal,EC,2018-12-21 08:00:00,57.19999999999999,87,75,1.5,-0.39,-78.55
488,San Pablo,PH,2018-12-21 08:00:00,80.59999999999997,83,75,2.1,14.07,121.33
489,San Patricio,PY,2018-12-21 08:54:40,82.51159999999999,85,48,1.81,-26.98,-56.83
490,San Policarpo,PH,2018-12-21 08:54:41,76.6166,100,100,0.96,12.18,125.51
491,San Rafael,AR,2018-12-21 08:52:52,76.84160000000003,31,0,2.21,-34.61,-68.33
492,Sansepolcro,IT,2018-12-21 08:20:00,46.39999999999998,93,90,1.5,43.57,12.14
493,Santa Cruz,US,2018-12-21 08:15:00,51.079999999999984,100,40,1.5,36.97,-122.03
494,Santa Cruz de la Palma,ES,2018-12-21 08:30:00,73.39999999999992,56,20,2.6,28.68,-17.76
495,Santa Maria,BR,2018-12-21 08:54:44,70.13659999999999,100,92,6.26,-29.69,-53.81
496,Santa Marta,CO,2018-12-21 08:00:00,80.59999999999997,83,75,2.1,11.24,-74.21
497,Santiago,CL,2018-12-21 08:00:00,69.80000000000001,56,0,1.0,-33.44,-70.65
498,Sao Filipe,CV,2018-12-21 08:54:44,78.46160000000003,81,20,6.21,14.9,-24.5
502,Sao Joao del Rei,BR,2018-12-21 08:00:00,84.19999999999999,48,40,1.5,-21.14,-44.26
503,Sao Jose da Coroa Grande,BR,2018-12-21 08:54:45,83.09659999999991,76,68,3.91,-8.9,-35.15
504,Saravan,AM,2018-12-21 08:30:00,40.99999999999994,86,75,3.1,39.72,45.65
505,Saravena,CO,2018-12-21 08:54:45,81.83660000000003,60,20,1.11,6.96,-71.88
506,Saskylakh,RU,2018-12-21 08:54:46,-27.46840000000003,43,56,2.01,71.97,114.09
507,Sechura,PE,2018-12-21 08:54:47,75.71660000000003,79,20,2.81,-5.56,-80.82
508,Segou,SN,2018-12-21 08:54:47,95.33660000000003,20,8,5.41,12.41,-12.29
509,Semnan,IR,2018-12-21 08:00:00,46.39999999999998,75,75,1.0,35.58,53.39
510,Sept-Iles,CA,2018-12-21 08:00:00,24.799999999999955,79,90,3.1,50.2,-66.38
511,Severo-Kurilsk,RU,2018-12-21 08:54:48,28.421599999999955,100,8,6.71,50.68,156.12
512,Shimoda,JP,2018-12-21 08:54:49,58.70660000000004,100,24,3.26,34.7,138.93
513,Shingu,JP,2018-12-21 08:54:49,59.741600000000005,100,92,4.91,33.72,135.99
514,Shitkino,RU,2018-12-21 08:54:49,1.2416000000000054,50,44,3.91,56.37,98.35
515,Sidi Ali,DZ,2018-12-21 08:54:49,58.57159999999993,80,0,1.26,36.1,0.42
516,Sindor,RU,2018-12-21 08:54:49,1.9615999999999758,69,56,2.56,62.87,51.9
517,Sinnamary,GF,2018-12-21 08:54:49,75.13159999999999,100,92,5.31,5.38,-52.96
518,Sisimiut,GL,2018-12-21 08:54:49,14.246599999999944,99,88,0.81,66.94,-53.67
519,Sitka,US,2018-12-21 08:54:50,25.721599999999967,65,0,1.31,37.17,-99.65
520,Skjervoy,NO,2018-12-21 08:20:00,33.799999999999955,58,0,7.2,70.03,20.97
521,Sola,NO,2018-12-21 08:20:00,42.799999999999955,56,75,9.3,58.89,5.65
522,Sonoita,US,2018-12-21 07:58:00,45.860000000000014,39,20,2.1,31.68,-110.66
523,Sorong,ID,2018-12-21 08:54:50,76.57159999999993,100,92,3.11,-0.86,131.25
524,Souillac,FR,2018-12-21 08:30:00,57.19999999999999,93,92,8.7,45.6,-0.6
525,Soyo,AO,2018-12-21 08:54:51,80.98160000000001,87,80,2.71,-6.13,12.37
526,Srandakan,ID,2018-12-21 08:54:51,73.91660000000007,100,88,0.81,-7.94,110.25
527,Srednekolymsk,RU,2018-12-21 08:54:51,-30.213400000000036,50,32,1.16,67.46,153.71
528,Starcevo,RS,2018-12-21 08:00:00,40.99999999999994,100,8,1.0,44.81,20.7
529,Staryy Nadym,RU,2018-12-21 08:54:52,-0.8283999999999878,67,88,5.81,65.61,72.68
530,Storm Lake,US,2018-12-21 08:35:00,26.06000000000006,100,90,5.1,42.64,-95.21
531,Sturgeon Bay,US,2018-12-21 08:35:00,28.939999999999998,79,90,10.8,44.83,-87.38
532,Sungaipenuh,ID,2018-12-21 08:54:52,67.03160000000008,97,64,0.26,-2.08,101.38
533,Sur,OM,2018-12-21 08:54:52,72.07159999999993,100,0,2.31,22.57,59.53
534,Surgut,RU,2018-12-21 08:30:00,10.399999999999977,85,90,9.0,61.25,73.4
535,Susanville,US,2018-12-21 08:35:00,37.39999999999998,93,90,1.06,40.42,-120.65
536,Suzun,RU,2018-12-21 08:54:53,5.6066000000000145,75,64,8.71,53.78,82.32
537,Tadine,NC,2018-12-21 08:54:53,76.88659999999999,100,92,4.76,-21.55,167.88
538,Takaka,NZ,2018-12-21 08:54:53,56.00659999999999,100,0,3.86,-40.86,172.81
539,Takoradi,GH,2018-12-21 08:54:53,86.11160000000001,90,0,4.71,4.89,-1.75
540,Talnakh,RU,2018-12-21 08:54:54,-45.10839999999996,0,0,1.36,69.49,88.39
541,Taltal,CL,2018-12-21 08:54:54,66.80660000000006,80,12,1.26,-25.41,-70.49
542,Tando Muhammad Khan,PK,2018-12-21 08:54:54,57.76159999999999,87,0,3.21,25.12,68.53
543,Tarko-Sale,RU,2018-12-21 08:54:55,-13.518400000000042,83,56,5.71,64.92,77.78
544,Tasiilaq,GL,2018-12-21 07:50:00,26.599999999999966,68,20,0.5,65.61,-37.64
545,Tautira,PF,2018-12-21 08:30:00,78.80000000000001,78,36,4.1,-17.73,-149.15
546,Tazovskiy,RU,2018-12-21 08:54:56,-35.70339999999999,0,0,6.11,67.47,78.7
547,Te Anau,NZ,2018-12-21 08:54:56,36.79160000000002,90,88,1.06,-45.41,167.72
548,Ternate,PH,2018-12-21 08:00:00,80.59999999999997,83,75,2.1,14.29,120.72
549,Tessalit,ML,2018-12-21 08:54:56,78.82159999999993,25,0,4.31,20.2,1.01
550,Tevriz,RU,2018-12-21 08:54:57,9.566599999999994,70,68,4.46,57.51,72.4
551,Tezu,IN,2018-12-21 08:54:57,50.02159999999998,78,0,0.81,27.93,96.16
552,The Valley,AI,2018-12-21 08:00:00,82.39999999999992,61,40,4.6,18.22,-63.06
553,Thompson,CA,2018-12-21 08:00:00,-0.39999999999997726,84,90,1.5,55.74,-97.86
554,Thouars,FR,2018-12-21 08:30:00,57.19999999999999,93,92,9.8,46.98,-0.22
555,Tigil,RU,2018-12-21 08:54:58,19.646599999999978,75,56,4.01,57.8,158.67
556,Tiksi,RU,2018-12-21 08:54:58,-22.788400000000024,33,0,5.46,71.64,128.87
557,Tocopilla,CL,2018-12-21 08:54:58,65.14159999999998,100,12,1.86,-22.09,-70.2
558,Todos Santos,MX,2018-12-21 07:53:00,60.80000000000001,67,5,2.6,23.45,-110.23
559,Tondano,ID,2018-12-21 08:30:00,78.80000000000001,88,40,1.0,1.3,124.91
560,Toora-Khem,RU,2018-12-21 08:54:59,-10.188400000000001,46,36,2.01,52.47,96.11
561,Toowoomba,AU,2018-12-21 08:00:00,73.39999999999992,88,40,2.1,-27.56,151.95
562,Torbay,CA,2018-12-21 08:00:00,30.199999999999932,79,75,8.7,47.66,-52.73
563,Touros,BR,2018-12-21 08:00:00,85.99999999999994,62,75,6.7,-5.2,-35.46
564,Trairi,BR,2018-12-21 08:51:32,81.52159999999998,100,68,8.61,-3.28,-39.27
565,Tsagan Aman,RU,2018-12-21 08:54:59,19.01660000000004,94,68,4.76,47.57,46.72
566,Tual,ID,2018-12-21 08:55:00,80.71160000000003,100,64,8.16,-5.67,132.75
567,Tuatapere,NZ,2018-12-21 08:55:00,48.76159999999999,100,92,3.66,-46.13,167.69
568,Tubuala,PA,2018-12-21 08:00:00,76.99999999999994,78,20,1.0,9.52,-79.03
569,Tuktoyaktuk,CA,2018-12-21 08:55:01,-0.3783999999999992,100,76,1.66,69.44,-133.03
570,Tura,IN,2018-12-21 08:55:02,55.46660000000003,83,0,1.11,25.52,90.21
571,Turan,RU,2018-12-21 08:55:02,-13.653399999999976,55,48,0.96,52.15,93.92
572,Udachnyy,RU,2018-12-21 08:55:02,-38.98840000000001,0,12,1.11,66.42,112.4
573,Ulaanbaatar,MN,2018-12-21 08:30:00,-5.800000000000011,83,0,1.0,47.92,106.92
574,Ulladulla,AU,2018-12-21 08:35:00,60.80000000000001,100,90,8.7,-35.36,150.48
575,Ullapool,GB,2018-12-21 08:55:03,44.48659999999995,100,88,4.26,57.9,-5.16
576,Umm Kaddadah,SD,2018-12-21 08:55:03,75.94160000000005,14,0,5.81,13.6,26.69
577,Upernavik,GL,2018-12-21 08:55:03,2.996599999999944,100,76,7.21,72.79,-56.15
578,Urengoy,RU,2018-12-21 08:55:04,-27.018400000000042,42,12,6.81,65.96,78.37
579,Urubamba,PE,2018-12-21 08:30:00,60.80000000000001,44,40,1.5,-13.31,-72.12
580,Uruguaiana,BR,2018-12-21 08:00:00,71.59999999999997,100,75,2.6,-29.77,-57.08
581,Ushuaia,AR,2018-12-21 08:00:00,53.599999999999966,81,75,11.3,-54.81,-68.31
582,Ust-Donetskiy,RU,2018-12-21 08:55:07,30.491600000000005,89,92,5.01,47.64,40.87
583,Ust-Ilimsk,RU,2018-12-21 08:55:07,-9.018400000000042,49,36,3.56,57.96,102.73
584,Ust-Kishert,RU,2018-12-21 08:55:07,6.191599999999994,81,76,3.41,57.36,57.24
585,Vaasa,FI,2018-12-21 08:20:00,17.599999999999966,85,36,3.1,63.1,21.62
586,Vaini,IN,2018-12-21 08:00:00,78.80000000000001,53,40,1.5,15.34,74.49
587,Vanavara,RU,2018-12-21 08:55:10,-17.838400000000036,25,36,3.26,60.35,102.28
588,Vanimo,PG,2018-12-21 08:55:11,81.79160000000007,100,92,0.51,-2.67,141.3
589,Vardo,US,2018-12-21 08:34:00,64.39999999999992,89,75,2.6,39.62,-77.74
590,Vestmanna,FO,2018-12-21 08:20:00,42.799999999999955,87,88,2.6,62.16,-7.17
591,Vestmannaeyjar,IS,2018-12-21 08:00:00,37.39999999999998,93,75,1.0,63.44,-20.27
592,Victor Harbor,AU,2018-12-21 08:30:00,58.99999999999994,72,20,3.1,-35.55,138.62
593,Vidim,CZ,2018-12-21 08:00:00,44.599999999999966,87,90,5.7,50.47,14.53
594,Vila,IT,2018-12-21 08:20:00,39.19999999999993,93,75,2.6,45.18,8.4
599,Vysokogornyy,RU,2018-12-21 08:55:13,-15.903399999999976,22,8,1.01,50.1,139.13
600,Waipawa,NZ,2018-12-21 08:55:13,54.97159999999991,92,32,6.91,-39.94,176.59
601,Walvis Bay,NA,2018-12-21 08:55:14,63.52159999999998,100,0,4.21,-22.95,14.51
602,Wanlaweyn,SO,2018-12-21 08:55:14,92.68160000000006,32,8,4.11,2.62,44.89
603,Washington DC.,US,2018-12-21 08:24:00,62.599999999999966,89,75,3.6,38.9,-77.04
604,Wasilla,US,2018-12-21 08:29:00,13.999999999999943,92,90,1.51,61.58,-149.44
605,Wawa,NG,2018-12-21 08:55:14,90.38659999999999,24,32,3.31,9.9,4.41
606,Whitehorse,CA,2018-12-21 08:00:00,6.7999999999999545,92,75,4.1,60.72,-135.06
607,Winnemucca,US,2018-12-21 07:56:00,42.98000000000002,64,90,0.51,40.97,-117.74
608,Woodward,US,2018-12-21 08:35:00,26.599999999999966,58,1,4.6,36.43,-99.39
609,Xuddur,SO,2018-12-21 08:55:15,87.8666,30,0,3.31,4.12,43.89
610,Yaan,NG,2018-12-21 08:55:15,96.73160000000001,22,0,3.91,7.38,8.57
611,Yar-Sale,RU,2018-12-21 08:55:15,-4.4284000000000106,80,76,8.96,66.83,70.83
612,Yellowknife,CA,2018-12-21 08:00:00,12.199999999999932,85,90,2.1,62.45,-114.38
613,Yeppoon,AU,2018-12-21 08:30:00,78.80000000000001,83,0,5.1,-23.13,150.74
614,Yerbogachen,RU,2018-12-21 08:55:16,-16.578399999999988,24,32,3.36,61.28,108.01
615,Yerofey Pavlovich,RU,2018-12-21 08:55:17,-11.538400000000024,70,56,1.16,53.97,121.97
616,Yulara,AU,2018-12-21 08:00:00,82.39999999999992,24,0,5.7,-25.24,130.99
617,Yumen,CN,2018-12-21 08:55:17,18.88160000000005,85,68,5.66,40.29,97.04
618,Yurecuaro,MX,2018-12-21 08:55:17,42.82159999999993,68,0,1.06,20.33,-102.3
619,Zambezi,ZM,2018-12-21 08:55:17,82.2416,64,80,2.06,-13.55,23.12
620,Zavetnoye,RU,2018-12-21 08:55:17,23.066599999999994,90,80,5.01,47.12,43.89
621,Zdvinsk,RU,2018-12-21 08:55:18,8.216600000000028,75,68,10.66,54.7,78.67
622,Zeya,RU,2018-12-21 08:55:18,-14.058400000000006,81,88,1.36,53.74,127.27
623,Zhangye,CN,2018-12-21 08:55:18,3.2215999999999667,53,8,1.61,38.94,100.46
624,Zhigansk,RU,2018-12-21 08:55:18,-14.463400000000036,66,56,3.86,66.77,123.37
625,Ziyang,CN,2018-12-21 08:55:18,46.241600000000005,88,64,2.56,30.12,104.65
626,Zrece,SI,2018-12-21 08:20:00,44.599999999999966,85,75,6.7,46.38,15.38
627,Zyryanka,RU,2018-12-21 08:55:19,-31.96840000000003,0,48,1.16,65.73,150.89
